{
    "rmse": 7.957323863577345,
    "mae": 6.778928943417748,
    "r2": -0.0155826683876783
}